Scan,Sequence,Charge,Modification
49881,ANVVVHCASPMHGQNPDIYDIVNVK,3,carbamidomethyl C:7
50869,DNFWEMGDQGPCGPCSEIHYDR,3,carbamidomethyl C:12;carbamidomethyl C:15
51739,GCIVRPGYVTGASANGSSNTDDFLLR,3,carbamidomethyl C:2
58299,SLHDVVENVKPTCLVGCSTQAGAFTQDVVEEMHK,4,carbamidomethyl C:13;carbamidomethyl C:17
60724,KAEMESDLNNAADLFAGLGVAEEHPR,3,
61070,RLAPTYQELADTYANATSDVLIAK,3,
61094,AREFEAGSQNANLLPIAANEFNLR,3,
61114,LSLHEPYTVEGVSPDDLmLTACLAASR,3,oxidation of M:18;carbamidomethyl C:22
61754,REQDVPLIVPVVNPEHLDIVAQK,3,
63966,SANLMAGHWVAISGAAGGLGSLAVQYAK,2,
65026,RYTNPVVIQGAGAGAAVTAAGVLGDVIK,3,
65313,LSLHEPYTVEGVSPDDLMLTACLAASR,3,carbamidomethyl C:22
65510,NQDLFADGEASAQLSNATTEMANLSNQVNSLSK,3,
65593,RGSYVmNLLSDAAQSETWPAIKPLLTK,3,oxidation of M:6
65672,NGDEPSVLLAYWTPETNNSACTATIAEVPR,3,carbamidomethyl C:21
65836,AGALHGIAQDSTPWIFNEDDTPADYFGEQLAK,3,
66193,AFNQVEIRPEMLGHYLGEFSITYTPVR,3,
66402,AVEFAEQLLANPVMKPIGLAAR,2,
67548,RGSYVMNLLSDAAQSETWPAIKPLLTK,3,
67590,TIHLINEALDLEELQDTDLNAIALAK,3,
